text;class
hallo informasi optimalisasi twitter layan customer service akses call center facebook email cantum gambar;POSITIF
bener gamau ngirim paket gue anjimm;NEGATIF
tolong balas dm;NEGATIF
hati kirim jtr paket ancur sedih harap paket dtg tp paket ancur udh;NEGATIF
iya coba wasap ajarin;NEGATIF
cek dm;NEGATIF
paket semarang qmbilnya yha;POSITIF
gimana kak sampe sy skrg;POSITIF
resi chek;NEGATIF
barang dateng;NEGATIF
yg ngirim samperin kasi csnya daerah chat biar cepet difollow;POSITIF
cek dm urgent;POSITIF
tolong cek dm tq;POSITIF
paket kakak dg resi muter jateng bojonegoro jatim tolong cek paket dokumen;POSITIF
tolong balas chat paket update resi kemarin;POSITIF
parah ton dicuekin barang hilang;POSITIF
org lg yg bekas goyang bangkrut sy kirim paket dr jakarta rawalumbu nyampe parah ekspedisi;POSITIF
optimalisasi bangkrut kelen cepetan gih kirim paket rawalumbu bekas nyampe kirim email nth kpn kelen balas;POSITIF
gimana kak skrg paket sampe stuck;POSITIF
paket kirim kantor jne purbalingga suruh bayar asuransi sampe;POSITIF
nunjukan gejala bangkrut smoga cepetan paket dr rawalumbu bekas nyampe kualitas situasi kelen resi no;POSITIF
gimana paket skrg kak nyampe skrg;POSITIF
alex akhrnya gmn paket jg lapor udh terima pdhl blm terima;POSITIF
beli ijo oren;POSITIF
selesai gmn;POSITIF
udh kelar blm jg nih;POSITIF
tlg cek dm kait no resi tljx dwuw rctk x;POSITIF
jne yes bapuk bener ganti nama yns;POSITIF
mesen pake yes kelakuanya regular;POSITIF
bro beneran dicuekin banget;POSITIF
halo paket kirim bukalapak pakai jne resi update semalem kirim;POSITIF
halo paket nomor resi not found cek mohon bantu terima kasih;POSITIF
day cepat proses;POSITIF
day;POSITIF
cepat proses;POSITIF
day;POSITIF
cepat proses day mutlak ganti nilai barang mention ganti rugi proses;POSITIF
cepat proses day mutlak ganti nilai barang mention ganti rugi proses;POSITIF
cepat proses day mutlak ganti nilai barang mention ganti rugi proses;POSITIF
cepat proses day mutlak ganti nilai barang mention ganti rugi proses;POSITIF
cepat proses day mutlak ganti nilai barang mention ganti rugi proses;POSITIF
cepat proses day mutlak ganti nilai barang mention ganti rugi proses;POSITIF
hey gaess paket kabar kabur gaes minggu gudang kurir tracking no body home membagonnkan;POSITIF
pagi status barang kurir lokasi;POSITIF
banget pake yes esok nyampe nyampe wkwkwkkwwk lawak;POSITIF
call cs blg rumah kantor kosong otak kurir lo kosong boong mulu;POSITIF
tolong cek status resi resi cek online terang;POSITIF
cepat proses day mutlak ganti nilai barang mention ganti rugi proses;POSITIF
paket gw stuck bangsatttttttttttt;POSITIF
kode booking bljc;POSITIF
kirim kemarin pickup expedisi status aplikasi bukalapak pros;POSITIF
cek dm;POSITIF
cek dm;POSITIF
najis lemoootttt;POSITIF
paket jual kirim terima kurir paket gamau jalan tgl november sampe kualitas gimana healing kurir jt;POSITIF
kirim kakak akses call center facebook jne pusat email customercare kak thanks ros;POSITIF
kak falfalah mohon maaf kakak nyaman informasi optimalisasi twitter layan customer service;POSITIF
paket macet jt;POSITIF
halo admin paket nomer resi jt stuck tangerang tanggal gerak tolong followup cabang tsb;POSITIF
paket status processing sorting center penuh banget yah;POSITIF
merespon numpuk paket sengaja paki yes lacak kemaren sampe gimana;POSITIF
permisi paket stuck malang kirim rabu ponorogo sesuai estimasi mohon arah;POSITIF
hallo jne paket tgl proses jne blm sampe jakarta bekas doang ongkirnya mahal lg;POSITIF
cek dm;POSITIF
dm;POSITIF
gudang alamat jarakny sampe km kmrn x bolak kesana pick mrk paket kayak kacawnya sistem sortir;POSITIF
cek dm paket gw jalan;POSITIF
tracking not found update;POSITIF
mohon info nomor resi jt jt jt jt butuh terima barang palong malam besok pagi barang mohon bantu;POSITIF
tolong dm respon kirim;POSITIF
jy cek resi;POSITIF
tljr dfc urce hx paket gerak tolong info terima kasih;POSITIF
paket gerak;POSITIF
cm paket lamabat cek tangerang barang;POSITIF
tanggal gerak bandung;POSITIF
status paket gimna jne service yes update kirim tahan bandung;POSITIF
call x info jalan kota jakarta bohong customernya komplen maksimal bohong follow ekspedis;POSITIF
call x info jalan kota jakarta bohong customernya komplen maksimal bohong follow ekspedis;POSITIF
call x info jalan kota jakarta bohong customernya komplen maksimal bohong follow ekspedis;POSITIF
call x info jalan kota jakarta bohong customernya komplen maksimal bohong follow ekspedis;POSITIF
call x info jalan kota jakarta bohong customernya komplen maksimal bohong follow;POSITIF
call x info jalan kota jakarta bohong customernya komplen maksimal bohong follow;POSITIF
call x info jalan kota jakarta bohong customernya komplen maksimal bohong follow ekspedis;POSITIF
call x info jalan kota jakarta bohong customernya komplen maksimal bohong follow ekspedis;POSITIF
call x info jalan kota jakarta bohong customernya komplen maksimal bohong follow ekspedi;POSITIF
call x info jalan kota jakarta bohong customernya komplen maksimal bohong follow ekspedis;POSITIF
call x info jalan kota jakarta bohong customernya komplen maksimal bohong follow ekspedis;POSITIF
call x info jalan kota jakarta bohong customernya komplen maksimal bohong follow ekspedis;POSITIF
call x info jalan kota jakarta bohong customernya komplen maksimal bohong follow ekspedis;POSITIF
call x info jalan kota jakarta bohong customernya komplen maksimal bohong follow ekspedis;POSITIF
call x info jalan kota jakarta bohong customernya komplen maksimal bohong follow seadany;POSITIF
;POSITIF
call x info jalan kota jakarta bohong customernya komplen;POSITIF
call x info jalan kota jakarta bohong customernya komplen maksimal bohong follow;POSITIF
call x info jalan kota jakarta bohong customernya komplen maksimal bohong follow;POSITIF
call x info jalan kota jakarta bohong customernya komplen maksimal bohong follow ekspedis;POSITIF
tljr dfc urce hx tolong info paket gerak terima kasih;POSITIF
halo jne jne trucking sy resi tljc nhrc ktg;POSITIF
paket resi jt dr tgl nyampek gudang blitar tp sampek alamat jne parah paket customer;POSITIF
lot mahal moga bangkrut;POSITIF
tolong bayar ongkir mahal biar sampe gerak paket;POSITIF
gimana jne paket bom dateng yes dateng cek resi tanggerang ubah;POSITIF
oi jne dm gua bales paket gua hilang;POSITIF
hallo cek dm kakak trobel paket tolong cek;POSITIF
cek dm;POSITIF
paket nomor resi tljc dx rq kantor jnenya kondisi paket didiemin tanggal november anter anter status anter hadeh ngaku ngaku nih agen;POSITIF
gimana paket tdk rumah bolak paket tolonglh kalo info drop point bsa dr nunggu nunggu mulu;POSITIF
klaim sdh blm selesai barang sdh jne tp dana blm refund mksdnya gmn mari hastag rame pake jne;POSITIF
cek dm;POSITIF
gimanaa jam masaa terima paket;POSITIF
admin dm direspon;POSITIF
jt stuck magelang kirim kapann;POSITIF
jne trucking;POSITIF
kirim barang tgl barang yg hilang jne resi daftar resi cetak terang sebutin nomor resi kabar;POSITIF
layan yes komplain;POSITIF
dokumen urgent pagi sore;POSITIF
garansi;POSITIF
tokped dana dteruskan seller suruh nunggu klaim asuransi;POSITIF
;POSITIF
cek dm;POSITIF
gatau nunggu kak ngajuin batal jg tolak shopee nafsu nunggu barang dtg jg;POSITIF
kembang gimana shopee gimana;POSITIF
cek dm;POSITIF
please help nomor resi pakai layan yes loh;POSITIF
paket sy dr td pagi kurir mulu sy lgsg gudang cabang mlm;POSITIF
hallo jne tolong baca kemaren komplain paket nyampe trus notif paket terima terima nama terima kenal nama bukti terima barang;POSITIF
jy gerak pakai jne yes;POSITIF
;POSITIF
tolong cek pesan selesai yerima barang loh;POSITIF
paket sampe kemaren admin jne sempet reply tweet tp sampe paket nyampe ehh diapus reply adminnya hey cek dm;POSITIF
halo paket no resi status delivered pos jaga pos jaga terima paket tolong cek dokumen;POSITIF
jne tgl november status paket counter tangerang operasional gimana;POSITIF
paket udh dijakarta nyesal pake jne;POSITIF
jt cek status ubah proses;POSITIF
jne beneran hapus hapusin reply tweet hahahaha bener sesuai ygy daritadi pagi kurir ygy lokasi gudang malang rusak lo;POSITIF
capek komplen;POSITIF
sampe sampe paket milih kirim pilih jne;POSITIF
payah paket stuck maju;POSITIF
kak paket bayar cod bayar pakai shopee;POSITIF
dicuekin;POSITIF
paket gimana nih jalan marketplace lapor jne tpi jalan kalo kirim balikin paket kirim;POSITIF
cek dm;POSITIF
kirim ekpedisi parah barang gerak jakarta;POSITIF
kirim ekpedisi parah barang gerak jakarta;POSITIF
kirim ekpedisi parah barang gerak jakarta;POSITIF
kirim ekpedisi parah barang gerak jakarta;POSITIF
paket kirim tangerang malang jakarta konsumen rugi kompensasi kirim paket estimasi;POSITIF
paket kirim tangerang malang jakarta konsumen rugi kompensasi kirim paket estimasi kecewa langgan bikin;POSITIF
paket kirim tangerang malang jakarta konsumen rugi kompensasi kirim paket estimasi kecewa langgan bikin kapok;POSITIF
paket kirim tangerang malang jakarta konsumen rugi kompensasi kirim paket estimasi kecewa langgan bikin;POSITIF
paket kirim tangerang malang jakarta konsumen rugi kompensasi kirim paket estimasi kecewa langgan bikin kapo;POSITIF
paket kirim tangerang malang jakarta konsumen rugi kompensasi kirim paket estimasi kecewa langgan bikin kapok;POSITIF
sore tolong direspon cepat paket hilang tanggal november;POSITIF
paket kirim tangerang malang jakarta konsumen rugi kompensasi kirim paket estimasi kecewa langgan bikin kapok;POSITIF
paket kirim tangerang malang jakarta konsumen rugi kompensasi kirim paket estimasi kecewa langgan bikin kapok;POSITIF
gimana paket blm estimasi kirim loh;POSITIF
paket kirim tangerang malang jakarta konsumen rugi kompensasi kirim paket estimasi kecewa langgan bikin kapok;POSITIF
paket kirim tangerang malang jakarta konsumen rugi kompensasi kirim paket estimasi kecewa langgan bikin kapok;POSITIF
paket kirim tangerang malang jakarta konsumen rugi kompensasi kirim paket estimasi kecewa langgan bikin;POSITIF
paket kirim tangerang malang jakarta konsumen rugi kompensasi kirim paket estimasi kecewa langgan bikin;POSITIF
paket kirim tangerang malang jakarta konsumen rugi kompensasi kirim paket estimasi kecewa langgan bikin kapok;POSITIF
paket kirim tangerang malang jakarta konsumen rugi kompensasi kirim paket estimasi kecewa langgan bikin kapok;POSITIF
tolong cek dm;POSITIF
halo tolong cek paket;POSITIF
kirim yes kmrn blm sampe tolong tq;POSITIF
paket kirim tangerang malang jakarta konsumen rugi kompensasi kirim paket estimasi kecewa langgan bikin kapo;POSITIF
paket kirim tangerang malang jakarta konsumen rugi kompensasi kirim paket estimasi kecewa langgan bikin kapo;POSITIF
nyaman bikin kapok pake jasa lo;POSITIF
paket kirim tangerang malang jakarta konsumen rugi kompensasi kirim paket estimasi kecewa langgan bikin kapo;POSITIF
paket kirim tangerang malang jakarta konsumen rugi kompensasi kirim paket estimasi kecewa langgan bikin kapok;POSITIF
paket kirim tangerang malang jakarta konsumen rugi kompensasi kirim paket estimasi kecewa langgan bikin kapok;POSITIF
paket kirim tangerang malang jakarta konsumen rugi kompensasi kirim paket estimasi kecewa langgan bikin kapok;POSITIF
nyaman bikin kapok pake jasa lo;POSITIF
paket woy paket gua paket gua paket gua umpetin;POSITIF
wooeeee th bergrak bidang ekspedisi kayak stroke sekrang blm kjelasan srh nunggu mulut;POSITIF
parah om usaha yg beli jakarta tuban sampe pakai ekspedisi belah jarak x lipat yg sistem antri ngantuk;POSITIF
cek dm bang;POSITIF
admin please bantu dokumen banget;POSITIF
;POSITIF
halo kak paket dateng hr maghrib next day dr rabu;POSITIF
selamat siang paket nomor resi tljr dq mr lq terima tulis terima malam tolong cek barang;POSITIF
tolong updatenya kirim resi;POSITIF
pakai layan yes tanggal nih;POSITIF
;POSITIF
kmren pake jne krn paksa beli barang ekspedisi jd opsi;POSITIF
halo lokasi paket sy skrg dmna estimasi kirim tp;POSITIF
nmr resi hold trs brp minggu;POSITIF
hallo kak list alamat kantor wakil cabang terima kasih;POSITIF
cek dm;POSITIF
hallo kak kirim bantu kantor wakil cabang list alamat terima kasih;POSITIF
hallo kak kirim bantu kantor wakil cabang list alamat terima kasih;POSITIF
hallo kak list alamat kantor wakil cabang terima kasih;POSITIF
hallo kak kirim bantu kantor wakil cabang list alamat terima kasih;POSITIF
halo selamat siang mohon maaf nyaman kait kakak dm no resi bantu cepat terima kasih;POSITIF
halo selamat siang mohon maaf nyaman kait kakak dm no resi bantu cepat terima kasih;POSITIF
halo selamat siang mohon maaf nyaman kait kakak dm no resi bantu cepat terima kasih;POSITIF
gimana paket gerak status;POSITIF
halo paket kak resi kirim tanggal cikande status with delivery courier telp customer carenya angkat email jg gada respon;POSITIF
biasana nyangsang dinu dekeut gening wkwkwk coba;POSITIF
cek dm;POSITIF
paket jne trucking gerak kota mohon bantuanya;POSITIF
tolong cek tg tolong cepat kirim;POSITIF
admin tolong cek dm;POSITIF
paket kirim tangerang malang jakarta konsumen rugi kompensasi kirim paket estimasi kecewa langgan bikin kapok;POSITIF
paket kirim tangerang malang jakarta konsumen rugi kompensasi kirim paket estimasi kecewa langgan bikin kapok;POSITIF
paket kirim tangerang malang jakarta konsumen rugi kompensasi kirim paket estimasi kecewa langgan bikin kapok;POSITIF
paket kirim tangerang malang jakarta konsumen rugi kompensasi kirim paket estimasi kecewa langgan bikin kapok;POSITIF
paket kirim tangerang malang jakarta konsumen rugi kompensasi kirim paket estimasi kecewa langgan bikin kapo;POSITIF
paket kirim tangerang malang jakarta konsumen rugi kompensasi kirim paket estimasi kecewa langgan bikin kapok;POSITIF
bikin kapok nyaman;POSITIF
paket kirim tangerang malang jakarta konsumen rugi kompensasi kirim paket estimasi kecewa langgan bikin kapok;POSITIF
paket kirim tangerang malang jakarta konsumen rugi kompensasi kirim paket estimasi kecewa langgan bikin kapok;POSITIF
bangeet pake ekspedisi jne cargo kirim tgl nov nyampe skrg bom nyampe;POSITIF
paket kirim tangerang malang jakarta konsumen rugi kompensasi kirim paket estimasi kecewa langgan bikin kapok;POSITIF
paket kirim tangerang malang jakarta konsumen rugi kompensasi kirim paket estimasi kecewa langgan bikin kapok;POSITIF
nyaman bikin kapok;POSITIF
nyaman bikin kapok;POSITIF
tolong check paket koli nyampe koli kirim dri november nyampe;POSITIF
tolong cek paket kak resi jt paket gerak;POSITIF
nyaman rugi bayar jasa lo;POSITIF
paket kirim tangerang malang jakarta konsumen rugi kompensasi kirim paket estimasi kecewa langgan bikin kapok;POSITIF
paket kirim tangerang malang jakarta konsumen rugi kompensasi kirim paket estimasi kecewa langgan bikin kapo;POSITIF
paket kirim tangerang malang jakarta konsumen rugi kompensasi kirim paket estimasi kecewa langgan bikin kapo;POSITIF
paket kirim tangerang malang jakarta konsumen rugi kompensasi kirim paket estimasi kecewa langgan bikin;POSITIF
paket kirim tangerang malang jakarta konsumen rugi kompensasi kirim paket estimasi kecewa langgan bikin kapok;POSITIF
rugi nyaman tol;POSITIF
paket kirim tangerang malang jakarta konsumen rugi kompensasi kirim paket estimasi kecewa langgan bikin kapok;POSITIF
paket kirim tangerang malang jakarta konsumen rugi kompensasi kirim paket estimasi kecewa pelangga;POSITIF
iya ciledug doang;POSITIF
paket kirim tangerang malang jakarta konsumen rugi kompensasi kirim paket estimasi kecewa langgan bikin kapok;POSITIF
paket kirim tangerang malang jakarta konsumen rugi kompensasi kirim paket estimasi kecewa langgan bikin kapok;POSITIF
asli maenya ontrog mah aeng jne;POSITIF
ahahahahaha;POSITIF
hyang pondok leng paket teu dikirimkeun mah aeng dikaluarkeun ninja;POSITIF
bae antep dikirimkeun;POSITIF
paket kirim tangerang malang jakarta konsumen rugi kompensasi kirim paket estimasi kecewa langgan bikin kapok;POSITIF
paket kirim tangerang malang jakarta konsumen rugi kompensasi kirim paket estimasi kecewa langgan bikin kapok;POSITIF
paket kirim tangerang malang jakarta konsumen rugi kompensasi kirim paket estimasi kecewa langgan bikin kapok;POSITIF
paket kirim tangerang malang jakarta konsumen rugi kompensasi kirim paket estimasi kecewa langgan bikin kapo;POSITIF
halo paket bom tanggal november;POSITIF
paket kirim tangerang malang jakarta konsumen rugi kompensasi kirim paket estimasi kecewa langgan bikin kapok;POSITIF
hallo admin cek paket tanggal nov skrg kota yg tgl nov blm gerak;POSITIF
paket kirim tangerang malang jakarta konsumen rugi kompensasi kirim paket estimasi kecewa langgan bikin;POSITIF
paket kirim tangerang malang jakarta konsumen rugi kompensasi kirim paket estimasi kecewa langgan bikin kapok;POSITIF
paket kirim tangerang malang jakarta konsumen rugi kompensasi kirim paket estimasi kecewa langgan bikin kapok;POSITIF
paket kirim tangerang malang jakarta konsumen rugi kompensasi kirim paket estimasi kecewa langgan bik;POSITIF
paket kirim tangerang malang jakarta konsumen rugi kompensasi kirim paket estimasi kecewa langgan bikin kapok;POSITIF
paket kirim tangerang malang jakarta konsumen rugi kompensasi kirim paket estimasi kecewa langgan bikin kapok;POSITIF
waduhhhh bener sistem seller jg rugi krn bom terima pesan selesai dr konsumen jd uang seller barang buyer amin terima kasih adisty;POSITIF
paket poe rebo geus bandung nepi ayeuna can kirim kneh paket aeng nanaonan teu kirim cageur;POSITIF
paket stuck jakarta reguler tangerang malang edann barang gw inepin jakarta kompensasi konsumen rugi buang estimasi sesuai;POSITIF
yg apes banget pake jne yg serah acara sampe dihilangin ekspedisi ganti rugi batas materiil imateriil gimana maaf maaf bantu;POSITIF
parah kirim malang tangerang jakarta paket reguler kirim pake duit bayar ekpedisi estimasi konsumen kompensasi parah jne kapok langgan;POSITIF
parahh paket tangerang kirom malang sampe jakarta jne konsumen rugi kompensasi kapok pake jne;POSITIF
lapor nulis jne yg follow duluan rakit komplain yg komplain duluan follow;POSITIF
kendala;NEGATIF
tolong cek dm;NEGATIF
paket gudang kamis anter anterin nunggu weton manis;NEGATIF
hilang resi lho jgn mentang non asuransi agen bilang kirim resi jd suruh lapor pusat pusat cari barang bisaa;NEGATIF
tanggal november resi update paket stuck customer nungguin;NEGATIF
halo paket dr nov kirim trus skrg hilang trus suruh klaim krn non asuransi dibyr x harga baju alas hilang jd berat hilang rusak krn celaka;NEGATIF
tanggal november resi update paket stuck customer nungguin;NEGATIF
tanggal november resi update paket stuck customer nungguin;NEGATIF
halo admin hormat komplain nih perihal resi tljc mkhrqn order tanggal november skrg sy terima komplain nyalahin marketplace kasi seller imbasny;NEGATIF
coba market place tolak aju batal pesan barang posisi kirim rugi konsumen moga barang nisa;NEGATIF
rugi konsumen banget tuh batal marketplace barang kirim kasih barang;NEGATIF
tolong cek dm;NEGATIF
asli kak layan buruk banget call center solutif bs ngetracing cari kendala konsumen lempar kalo update sungguh pake jne;NEGATIF
tgl tracking stuck tgl update;NEGATIF
paket jakarta diam kirim november jakarta kirim tangerang malang kompensasi tunggu jne rugi konsumen kaya;NEGATIF
tolong respon dm paket gerak surabaya;NEGATIF
parah paket kirim tangerang jakarta kpnsumen rugi kompensasi kirim barang gratis bayar cash estimasi;NEGATIF
no resi;NEGATIF
tolong respon dm status paket gerak surabaya;NEGATIF
admin bantu follow no resi;NEGATIF
status gerak cat food lumayan lho sedih tunggu tolong follow terima kasih;NEGATIF
jne;NEGATIF
haduh jne paket tgl kirim yes trus tanggung telpon call center rahu dsuruh tunggu trus sampe siang paket sampe;NEGATIF
selamat siang salam sejahtera moga kakak niat bantu paket tmn yg dmn;NEGATIF
siang resi kenal iya;NEGATIF
kirim yg kurir rekomendasi no resi tkp ev tanggal nov terima security rumah pos satpam lokasi terima;NEGATIF
kirim gratis ongkir yg jne peduli cianjur resi;NEGATIF
cong coba jgn private dlu biar baca sm gue bantu tag;NEGATIF
yg barang kannn;NEGATIF
dear mohon bantu cek paket minggu tangerang blm update;NEGATIF
tolong cek dm;NEGATIF
kirim jakarta tangerang masak deh;NEGATIF
tlg cek paket gerak gerakkkk rabu tljr dxvpxr cg;NEGATIF
resi tljc x hq diem gagerak samsek;NEGATIF
parah nama;NEGATIF
bener barang sdh jne tp uang beli barang blm direfund jne;NEGATIF
tolong cek dm;NEGATIF
info yg gratis kirim bantu posko gempa cianjur cabang jne daerah kelapa gading;NEGATIF
jne gmn nih sdh klaim sy refund barang sdh kurir tp dana blm direfund;NEGATIF
admin dm twitter direspon tolong donk kendala;NEGATIF
nyampe jg jakarta utara parahny shopee jg pura response doang liat banget niat follow jne kadang mikir fungsi marketplace bayar biaya layan tp;NEGATIF
cek dm pls;NEGATIF
cek dm;NEGATIF
tanggal nov barang padang sampe tgl nov sampe rumah padang tpi stat gudang ngapain eram paket paket telur yg;NEGATIF
balas dm;NEGATIF
halo jne paket yes dg resi jy;NEGATIF
respon dm;NEGATIF
jne paket gua order barang selasa sampe jkt bks deket mengcape;NEGATIF
komplain tetep kekeh barang terima terima;NEGATIF
maaf admin perihal paket terima;NEGATIF
paket paket paket temu tindak jne;NEGATIF
paket kirim butuh murah sultan biaya komplain kalo push gerak;NEGATIF
yeuuu gilir protes jalan oke;NEGATIF
barang ekspedisi hilang diakalin sistem biar konsumen cemas beritahu kalo hilang esok barang ilang ekspedisi gampang;NEGATIF
hallooo tanggal november paket gerak;NEGATIF
senang barang jatiasih minggu jakarta pagi hubung barang hilang loh gimana barang kota kemarin pagi hilang;NEGATIF
halo paket nomor resi status barang terima nama riyan kemarin rumah keluarga terima barang mohon dibant;NEGATIF
kecewa kemarin mention jne care hubung memberitahu kalo barang hilang jakarta cek web;NEGATIF
cek dm;NEGATIF
nahhh kannn ngeri banget mgkn marketplace pake batal pesan biar uang huhuhu btw laptop yg ilang simpat moga bs selesai urus;NEGATIF
halo gimana paket jne counter jakarta update mohon bantu informasi;NEGATIF
jakarta tangerang maksimal;NEGATIF
tolong cek resi jt stuck;NEGATIF
cek dm cepet;NEGATIF
halo paket udh gerak;NEGATIF
hallooo paket no resi tanggal sd tanggal november beda camat kotamadya;NEGATIF
tolong kurir evaluasi barang kurir lokasi tgl barang tanam hidup mohon bantu resi jt;NEGATIF
keren telat estimasi kirim uang kirim dibalikin;NEGATIF
tolong respon dm;NEGATIF
paket blm nyampe pdhal paket ctc loch dlam kota bgaimana bsa sttus shiping teruss;NEGATIF
paarahhhh ekpedisi buobrokkk parah jawabanya suruh nunggu sampe kiamat;NEGATIF
kak cek dm;NEGATIF
dear;NEGATIF
tgl nov berkas bom alamat;NEGATIF
komplain komplain parah haha good job;NEGATIF
kak tolong cek resi cm;NEGATIF
jne udh bobrok bangkrut kaya sistem rugi;NEGATIF
proses gimana kemaren gudang hadehh;NEGATIF
cuman resi lampir bukti foto jne telp bilang record resi cek website sndiri gamau tanggung gimana;NEGATIF
mohon cek dm;NEGATIF
halo admin paket status ubah mohon bantu cek dm terima kasih;NEGATIF
assalamualaikum kak paket dgn no resi tljc dxe drq lt tanggal nyampe banda aceh;NEGATIF
tolong cek dm;NEGATIF
;NEGATIF
oke dm kak tolong info;NEGATIF
paket kirim dr tgl nov skrg blm sampe dr ancol tanjung priok gada inisiatif selesai komplenan suruh tunggu mulu;NEGATIF
waaaah hati kirim paket mending kantor pos;NEGATIF
ngirim tgl sampe sampe sampe;NEGATIF
barang kirim kirim loh barang pesan kirim jne google nilai service jelek banget;NEGATIF
proyek gagal dapet gegara layan parah minggu sampe;NEGATIF
tolong jne detik paket gerak status sorting dr tgl nov paket dokumen disubmit bank hr parah service jne diblow media;NEGATIF
kecewa banget jne profesional banget call center dtanya paket dmana dsuruh tunggu kalo rusa paket jne tanggung paket yes selip;NEGATIF
stuck gerak;NEGATIF
paket kunjung diam;NEGATIF
paket diumpetin;NEGATIF
emg ekspedisi laknattt;NEGATIF
tolong paket yg hilang proses ganti rugi terimakasih;NEGATIF
dm mohon tolong respon;NEGATIF
paket sampenya oi gudang kaga kirim kirim mah gw kaga make jasa lo;NEGATIF
cek dm minnnn butuh info paket yg status dr kemaren huhuhuhuhu;NEGATIF
cepat proses day mutlak ganti nilai barang mention ganti rugi proses;NEGATIF
kirim berkas fasilitas one day service tgl nov tracking proses kantor cabang;NEGATIF
paket anter;NEGATIF
semarang blora minggu provinsi sbnernya paket anter nunggu paket estimasi;NEGATIF
cek dm barang blm estimasi;NEGATIF
halo jne paket tgl pakai yes sampe sampe telpon call center paket dmana omggggg;NEGATIF
oke terima kasih;NEGATIF
yg butuh masf kalin mnta paket kirim;NEGATIF
halo gimana respond update lapor;NEGATIF
maaf;NEGATIF
bom nyampe paket;NEGATIF
kirim barang cianjur kota layan pick kantor jne kota;NEGATIF
admin solutif;NEGATIF
coy kalo ilang ngemeng ilang malu biar urus cepet cepet barang duit coy;NEGATIF
solutif;NEGATIF
admin copas doang;NEGATIF
tanggung barang cust;NEGATIF
admin tolong cek dm status paket gerak rabu nov tolong bantu kasi yg udh nunggu paket nih terima kasih;NEGATIF
noresi tljc dpxtlr tolong kirim donk ngendon warehouse kemaren;NEGATIF
info status ubah jam;NEGATIF
jadwal pickup jam atur pickup;NEGATIF
status ubah jam;NEGATIF
gaakan kesal;NEGATIF
halo status kasi tunggu paket mohon bantu;NEGATIF
tolong paket dipake wisuda;NEGATIF
paket selasa cabang tutup malam trus kudu gimana butuh pakai;NEGATIF
memention paket;NEGATIF
ayo rekrut kirim barang yg numpuk numpuk barang dikeluhin maklum langgan;NEGATIF
iya jne kalo kudu gercep mitigasi nih armada kek personel kek lancar tumpu barang dibiarin;NEGATIF
paket sebenernya estimasi kirim kirim gagal kurir;NEGATIF
hilang paket ribet;NEGATIF
tandu eik;NEGATIF
kemarin nelpon info kota status tracking ubah;NEGATIF
;NEGATIF
rahasia usaha kak biar komplain;NEGATIF
dm balas skrang mohon cek yas;NEGATIF
kayak kaalu kayak dilaporin bang professional segi sistem sop layan customer attitude tenaga yg;NEGATIF
bikin yg tulis dm baca percaya yg manipulasi karyawan sesuai lapang simpul maaf maaf doang ngedengerin keluha;NEGATIF
kak yg kasi template suruh hubungin tokped biar tokped yg investigasi ekspedisi;NEGATIF
nyesel banget milih jne;NEGATIF
bales kak mohon cek dm;NEGATIF
kirim surabaya sulawesi gimana;NEGATIF
malam paket komplain market place tahan jne tgl nov resi tljc wrqnq rugi;NEGATIF
malam sy telpon barang hold sistem batal cs bilang pulsa kuras habis info sungguh cakap menit yg;NEGATIF
mohon benah sistem respon barang batal sy fu tgl november;NEGATIF
paket kirim bareng no resi beda resi tgl november jakarta sidoarjo yg paket yg status tgl november sistem shopee batal lucu sistem jne paket kurir;NEGATIF
status paket terima keluarga rumah yg terima paket rumah teman gimana jne;NEGATIF
terima kasih kak;NEGATIF
status paket terima keluarga rumah yg terima paket rumah teman gimana jne;NEGATIF
nasib om;NEGATIF
cek dm kak paket no resi sampe sampe;NEGATIF
paket sy tljr dke lr nyampe pdhal udh jakarta;NEGATIF
paket dr pademangan tanjung priok dr tgl november blm sampe call cebter tdk muas suruh tunggu aje gmn inih reputasi jne jdi jelek klo barang hilang sm oknum yg jne yg tdk bertangg;NEGATIF
kinerha jne turun paket kurir anter bobol tolong kurir sp beres anter anter;NEGATIF
dm gda blsan;NEGATIF
fm gda blsan;NEGATIF
kirain doang emng jne lambat kurir drop point jne beres konfirmasi terima proses cepat suruh nunggu sampe sampe;NEGATIF
iya dri tokpednya jne mah ngaco tindak yg beli barang rare taiiii tuh;NEGATIF
asuransi tokped jne;NEGATIF
asli rekomended pakai jne tempo paket tunggu nyampe pakai yes status huni rumah gerbang security jam;NEGATIF
pake tokped proses aju klaim asuransi;NEGATIF
kirim opo jane opo barne ae ekspedisine;NEGATIF
wilayah tanah datar;NEGATIF
suka dusta spik dm tuh dm boong mulu heran;NEGATIF
makasih kak saran iya lgi hubung cs jne jg besok kalo cerah cancel dana;NEGATIF
jalan tgl halooo;NEGATIF
kak coba dm cs jne kesini mention dibantuin trus dm kemarin lapor cepet paket stuck sayang banget promonya kalo dikembaliin dana;NEGATIF
takut dosa gimana;NEGATIF
dititipin amanah segitu dikerjain;NEGATIF
bikin statement internal template;NEGATIF
paket shipment problem kirim semalem ajaa kalo karna paket ketuker gabakal pake ekspedisi;NEGATIF
iya ngawur mah gue jakarta ngasal jne max tgl nyampe minggu gatau tuh paket;NEGATIF
halo tolong cek dm thx;NEGATIF
mjb kak tanggal sampe detik nyampe;NEGATIF
admin ditanyain template;NEGATIF
halo admin tolong baca dm;NEGATIF
jne kesini parah;NEGATIF
halo tolong jngan update lapor kirim palsu kurir pesan bukti cctv malas bilang jngan blg lokasi;NEGATIF
direspon nunggu ayam sapi;NEGATIF
twitter respon doang;NEGATIF
halo kak terima kasih paket bandung alamat besok pagi pesan tanggal sampe nyampe rumah sabtu;NEGATIF
cek dm;NEGATIF
kak pastiin yg pake jne buruk adminnya cman modal maaf doang;NEGATIF
wkwk bener bang gua jga minggu kaga paket harga jta ktanya hilang konyol udh jgn pake jne lg bang mending;NEGATIF
cek dm;NEGATIF
cek dm;NEGATIF
masama moga paket cepat terima selamat yaaaa aamiin yra;NEGATIF
paket jalan tanggal macet gateway surabaya tolong lacakin minnnnn;NEGATIF
saking alas gudang sortir kirim dr gudang sortir gudang sortir terima ujung msih sby dasar jasa rim kredibel hri kirim;NEGATIF
halo paket jne yes resi tlje dnv nyampe;NEGATIF
malam tlong no resi alamat info cek resi miss route tlong hubung;NEGATIF
paket sampe sampe;NEGATIF
tolong cek dm nih males kalo pake jne;NEGATIF
alhamdulillah mantap deh thanks info;NEGATIF
paket gagal ulang tanngal november tpi november;NEGATIF
telpon cs sibuk;NEGATIF
halo tolong perbaikin jne jakarta malas paket;NEGATIF
alhamdulillah toko bagus packingnya pake box kayu yg kokoh bubble wrap;NEGATIF
halo admin jual rugi karna paket tgl november skrang customer jarak serang jakarta;NEGATIF
complen tanggap tolong pegawai malas paket;NEGATIF
barang sy blm nih barusan cek kota transit paket jalan deg deg;NEGATIF
iya ajuin komplain tokopedia kemaren;NEGATIF
paket minggu parahhhh kaya yg peduli langgan;NEGATIF
halo tolong cek dm;NEGATIF
jam jne depok margonda jam makasih;NEGATIF
yakali gue nunggu barang minggu suruh nunggu jne dm kaya ngomong tembok empati ngepush ekspedisi;NEGATIF
paket nyampe minggu aduuuuuh kacau kaya yg komplain mohon tindaklanjuti;NEGATIF
kemarin sempet ngajuin komplain tokped;NEGATIF
kak tindak shopee jne gila sampe ilang kaya ngomong tembok;NEGATIF
paket kg indikasi hilang mantep bener expedisi;NEGATIF
pake yg bro gwe barang sampe hilang transaksi puluh juta;NEGATIF
belanja online alamat kurir kirim alamat rumah pake jne alamat temu kurir kurir jalan;NEGATIF
harap paket tgl blm sampe jarak bdg bks;NEGATIF
paket jg minggu gajelas yg abis pikir jne yg kirim suruh lapor marketplace alesannya biar pintu yakale yg konsumen yg sur;NEGATIF
jl sultan bagagarsah pagaruyung batusangkar pagaruyung tj kabupaten tanah datar sumatera;NEGATIF
selamat sore paket estimasi kirim tolong cek;NEGATIF
cek dm;NEGATIF
paket terima;NEGATIF
dm;NEGATIF
tunggu;NEGATIF
iya bro grogol;NEGATIF
gausah bales kek bot deh mending bales dm rep rep doang klo kaga bales dm;NEGATIF
baca dm komplain kait attitude komunikasi;NEGATIF
gimana nihh stuck mulu maju nyaman semarang gimana paket;NEGATIF
hallo cek dm;POSITIF
dm;POSITIF
gerak bro mending pake yg;POSITIF
halo jne paket kirim tulis tracking terima ybs pdahal ybs rumah mohon cek dm;POSITIF
